region,Total Revenue,Avg Revenue,Orders
West,1685479.805,6129.017472727272,275
North,1527403.894,6013.401157480315,254
East,1492656.4895,6518.150609170305,229
South,1325771.384,5840.402572687225,227
