category,Total Revenue,Avg Revenue,Orders
Electronics,1350901.633,6342.261187793427,213
Sports,1276518.6445,6226.9202170731705,205
Furniture,1260187.498,6300.937489999999,200
Clothing,1180015.4475,5900.0772375,200
Groceries,963688.3495,5770.588919161677,167
